{
  "k_ox": 0.6746689970116994,
  "k_red": 0.08404392105988928,
  "k_aer": 0.2193004251721482,
  "k_cons": 1.0075995360000003,
  "O_sat": 0.6461430748535462,
  "k_gc": 1.0691627314340624e-13,
  "k_pd": 0.0011499575104128655,
  "dose_g": 0.1467046019287337,
  "dose_n": 0.5,
  "blue_gain": 0.78,
  "blue_offset": 0.03,
  "noise_sd": 0.02,
  "M0": 0.4,
  "O0": 0.3,
  "G0": 1.0,
  "P0": 1.0
}